<?xml version="1.0" encoding="UTF-8"?>
<itop_design xmlns:xsi="http://www.w3.org/2001/XMLSchema-instance" version="1.0">
  <constants>
  </constants>
  <classes>
	<class id="Problem">
	    <fields>
		<field id="childincident" xsi:type="AttributeString" _delta="define">
			<sql>childincident</sql>
			<default_value/>
			<is_null_allowed>true</is_null_allowed>
		</field>
		<field id="plancomplete" xsi:type="AttributeDateTime" _delta="define">
			<sql>plancomplete</sql>
			<default_value/>
			<is_null_allowed>false</is_null_allowed>
		</field>
		<field id="relatedjira_id" xsi:type="AttributeString" _delta="define">
			<sql>relatedjira_id</sql>
			<default_value/>
			<is_null_allowed>true</is_null_allowed>
		</field>
		</fields>
		<lifecycle>
			<states>
				<state id="resolved" _delta="redefine">
					<inherit_flags_from>assigned</inherit_flags_from>
					<flags>
					  <attribute id="caller_id">
						<read_only/>
					  </attribute>
					  <attribute id="service_id">
						<mandatory/>
					  </attribute>
					  <attribute id="servicesubcategory_id">
						<must_prompt/>
					  </attribute>
					  <attribute id="product">
						<must_prompt/>
					  </attribute>
					  <attribute id="impact">
						<read_only/>
					  </attribute>
					  <attribute id="urgency">
						<read_only/>
					  </attribute>
					  <attribute id="org_id">
						<read_only/>
					  </attribute>
					  <attribute id="team_id">
						<read_only/>
					  </attribute>
					  <attribute id="agent_id">
						<read_only/>
					  </attribute>
					  <attribute id="title">
						<read_only/>
					  </attribute>
					  <attribute id="description">
						<read_only/>
					  </attribute>
					  <attribute id="product">
						<mandatory/>
					  </attribute>
					</flags>
					<transitions>
					  <transition id="ev_reassign">
						<target>assigned</target>
						<actions/>
					  </transition>
					  <transition id="ev_close">
						<target>closed</target>
						<actions>
						  <action>
							<verb>SetCurrentDate</verb>
							<params>
							  <param xsi:type="attcode">close_date</param>
							</params>
						  </action>
						</actions>
					  </transition>
					</transitions>
				  </state>
			</states>
		</lifecycle>
		<presentation>
		<details _delta="redefine">
          <items>
            <item id="functionalcis_list">
              <rank>10</rank>
            </item>
            <item id="contacts_list">
              <rank>20</rank>
            </item>
            <item id="knownerrors_list">
              <rank>30</rank>
            </item>
            <item id="workorders_list">
              <rank>40</rank>
            </item>
            <item id="related_request_list">
              <rank>50</rank>
            </item>
            <item id="related_incident_list">
              <rank>50</rank>
            </item>
            <item id="col:col1">
              <rank>60</rank>
              <items>
                <item id="fieldset:Ticket:baseinfo">
                  <rank>10</rank>
                  <items>
                    <item id="ref">
                      <rank>10</rank>
                    </item>
                    <item id="title">
                      <rank>20</rank>
                    </item>
                    <item id="org_id">
                      <rank>30</rank>
                    </item>
                    <item id="status">
                      <rank>40</rank>
                    </item>
                    <item id="priority">
                      <rank>50</rank>
                    </item>
                    <item id="service_id">
                      <rank>60</rank>
                    </item>
                    <item id="servicesubcategory_id">
                      <rank>70</rank>
                    </item>
					<item id="product">
                      <rank>80</rank>
                    </item>
                    <item id="childincident">
                      <rank>90</rank>
                    </item>
					<item id="relatedjira_id">
					  <rank>100</rank>
					</item>
                  </items>
                </item>
                <item id="fieldset:Ticket:moreinfo">
                  <rank>20</rank>
                  <items>
                    <item id="impact">
                      <rank>10</rank>
                    </item>
                    <item id="urgency">
                      <rank>20</rank>
                    </item>
                    <item id="description">
                      <rank>30</rank>
                    </item>
                  </items>
                </item>
              </items>
            </item>
            <item id="col:col2">
              <rank>70</rank>
              <items>
                <item id="fieldset:Ticket:date">
                  <rank>10</rank>
                  <items>
                    <item id="start_date">
                      <rank>10</rank>
                    </item>
					<item id="plancomplete">
                      <rank>20</rank>
                    </item>
					
                    <item id="last_update">
                      <rank>30</rank>
                    </item>
                    <item id="assignment_date">
                      <rank>40</rank>
                    </item>
                    <item id="resolution_date">
                      <rank>50</rank>
                    </item>
                    <item id="close_date">
                      <rank>50</rank>
                    </item>
                  </items>
                </item>
                <item id="fieldset:Ticket:contact">
                  <rank>20</rank>
                  <items>
                    <item id="caller_id">
                      <rank>10</rank>
                    </item>
                    <item id="team_id">
                      <rank>20</rank>
                    </item>
                    <item id="agent_id">
                      <rank>30</rank>
                    </item>
                  </items>
                </item>
                <item id="fieldset:Ticket:relation">
                  <rank>30</rank>
                  <items>
                    <item id="related_change_id">
                      <rank>10</rank>
                    </item>
                  </items>
                </item>
              </items>
            </item>
          </items>
        </details>
		<search>
          <items>
            <item id="ref">
              <rank>10</rank>
            </item>
            <item id="title">
              <rank>20</rank>
            </item>
            <item id="org_id">
              <rank>30</rank>
            </item>
            <item id="start_date">
              <rank>40</rank>
            </item>
            <item id="status">
              <rank>50</rank>
            </item>
            <item id="service_id">
              <rank>60</rank>
            </item>
            <item id="servicesubcategory_id">
              <rank>70</rank>
            </item>
            <item id="product">
              <rank>80</rank>
            </item>
            <item id="impact">
              <rank>90</rank>
            </item>
            <item id="urgency">
              <rank>100</rank>
            </item>
            <item id="priority">
              <rank>110</rank>
            </item>
            <item id="caller_id">
              <rank>120</rank>
            </item>
            <item id="team_id">
              <rank>130</rank>
            </item>
            <item id="agent_id">
              <rank>140</rank>
            </item>
            <item id="close_date">
              <rank>150</rank>
            </item>
			<item id="relatedjira_id">
              <rank>160</rank>
            </item>
          </items>
        </search>
		<list>
          <items>
            <item id="title">
              <rank>10</rank>
            </item>
            <item id="org_id">
              <rank>20</rank>
            </item>
            <item id="start_date">
              <rank>30</rank>
            </item>
            <item id="status">
              <rank>40</rank>
            </item>
            <item id="service_id">
              <rank>50</rank>
            </item>
            <item id="priority">
              <rank>60</rank>
            </item>
          </items>
        </list>
		</presentation>
	</class>
  </classes>
  <menus>
  </menus>
  <user_rights>
    <groups>
    </groups>
    <profiles>
    </profiles>
  </user_rights>
</itop_design>
